INSERT INTO [dbo].[House] ([Id], [HouseAddress], [HousePrice]) VALUES (N'081f4375-6900-46d3-98ee-41a60de87bce', N'450B, Great south Road , Green Lane , Auckalnd', 70000)
INSERT INTO [dbo].[House] ([Id], [HouseAddress], [HousePrice]) VALUES (N'09c1a358-faa3-4315-90ef-7cae3d9526e7', N'212 , Queen Street, Auckland 1010', 80000)
INSERT INTO [dbo].[House] ([Id], [HouseAddress], [HousePrice]) VALUES (N'2854688d-8782-48f0-98b2-d05abeebcc6e', N'679G , Queen Street, Auckland 1010 ', 90000)
INSERT INTO [dbo].[House] ([Id], [HouseAddress], [HousePrice]) VALUES (N'6626ade3-2550-4acc-98e0-422abbdabe41', N'300J , Queen Street, Auckland 1010', 80000)
INSERT INTO [dbo].[House] ([Id], [HouseAddress], [HousePrice]) VALUES (N'e28cf7d6-946e-46be-be88-38812567e247', N'67B, Great South Road, Pakuranga Auckland', 60000)
INSERT INTO [dbo].[House] ([Id], [HouseAddress], [HousePrice]) VALUES (N'fa219256-8331-4cb1-9fd5-2bdb54634387', N'289 , Queen Street, Auckland 1010', 87000)
INSERT INTO [dbo].[Seller] ([Id], [HouseId], [SellerName], [SellerPhoneNumber]) VALUES (N'42cb18b2-9d9e-44c9-beaa-374c421585e6', N'09c1a358-faa3-4315-90ef-7cae3d9526e7', N'Chris Davidson', N'+64234569086')
INSERT INTO [dbo].[Seller] ([Id], [HouseId], [SellerName], [SellerPhoneNumber]) VALUES (N'883fe526-cf6b-4826-ba6c-cf8cd518e3ea', N'fa219256-8331-4cb1-9fd5-2bdb54634387', N'Robert Watson', N'+642109912567')
INSERT INTO [dbo].[Seller] ([Id], [HouseId], [SellerName], [SellerPhoneNumber]) VALUES (N'9542dc6f-9e37-4535-b8a4-5ab80eced486', N'081f4375-6900-46d3-98ee-41a60de87bce', N'Frank Wilkinson', N'+6434890812345')
INSERT INTO [dbo].[Seller] ([Id], [HouseId], [SellerName], [SellerPhoneNumber]) VALUES (N'aed3c115-abc6-406a-9d68-98eae169daf4', N'6626ade3-2550-4acc-98e0-422abbdabe41', N'Chris James', N'+642390812345')
INSERT INTO [dbo].[Seller] ([Id], [HouseId], [SellerName], [SellerPhoneNumber]) VALUES (N'f326047e-19d2-40f8-b3e0-29a60f17bb9c', N'2854688d-8782-48f0-98b2-d05abeebcc6e', N'Will Robinson', N'+64213456789')
INSERT INTO [dbo].[Buyer] ([Id], [BuyerName], [BuyerPhoneNumber]) VALUES (N'367aa2cc-59d6-4d2b-a736-b39ca40af0cb', N'Adam Parker', N'+642198712345')
INSERT INTO [dbo].[Buyer] ([Id], [BuyerName], [BuyerPhoneNumber]) VALUES (N'526f00ea-d539-4636-bde0-9d341fa57151', N'Greg thomson', N'+642134567890')
INSERT INTO [dbo].[Buyer] ([Id], [BuyerName], [BuyerPhoneNumber]) VALUES (N'e0ef12fb-ac57-4277-912d-cfcaef9740bc', N'Harry Simpson', N'+6423456789012')
INSERT INTO [dbo].[Buyer] ([Id], [BuyerName], [BuyerPhoneNumber]) VALUES (N'f69da3bf-5ddd-4372-83a7-3adb900b7dbd', N'John Smith', N'+642198712345')
INSERT INTO [dbo].[Transaction] ([TransactionId], [BuyerId], [HouseId]) VALUES (N'2d0ccb74-19df-4393-baaa-86b3fcdd8264', N'e0ef12fb-ac57-4277-912d-cfcaef9740bc', N'09c1a358-faa3-4315-90ef-7cae3d9526e7')
INSERT INTO [dbo].[Transaction] ([TransactionId], [BuyerId], [HouseId]) VALUES (N'b621df6b-8025-486a-89d5-af535fefee98', N'f69da3bf-5ddd-4372-83a7-3adb900b7dbd', N'2854688d-8782-48f0-98b2-d05abeebcc6e')
INSERT INTO [dbo].[Transaction] ([TransactionId], [BuyerId], [HouseId]) VALUES (N'e2563ae7-da7e-4b7d-b216-a35fa1f71b1b', N'367aa2cc-59d6-4d2b-a736-b39ca40af0cb', N'081f4375-6900-46d3-98ee-41a60de87bce')
